3526 HIGH ST,SACRAMENTO
51 OMAHA CT,SACRAMENTO
2796 BRANCH ST,SACRAMENTO
2805 JANETTE WAY,SACRAMENTO
6001 MCMAHON DR,SACRAMENTO
5828 PEPPERMILL CT,SACRAMENTO
6048 OGDEN NASH WAY,SACRAMENTO
2561 19TH AVE,SACRAMENTO
11150 TRINITY RIVER DR Unit 114,RANCHO CORDOVA
7325 10TH ST,RIO LINDA
645 MORRISON AVE,SACRAMENTO
4085 FAWN CIR,SACRAMENTO
2930 LA ROSA RD,SACRAMENTO
2113 KIRK WAY,SACRAMENTO
4533 LOCH HAVEN WAY,SACRAMENTO
7340 HAMDEN PL,SACRAMENTO
6715 6TH ST,RIO LINDA
6236 LONGFORD DR Unit 1,CITRUS HEIGHTS
250 PERALTA AVE,SACRAMENTO
113 LEEWILL AVE,RIO LINDA
6118 STONEHAND AVE,CITRUS HEIGHTS
4882 BANDALIN WAY,SACRAMENTO
7511 OAKVALE CT,NORTH HIGHLANDS
9 PASTURE CT,SACRAMENTO
3729 BAINBRIDGE DR,NORTH HIGHLANDS
3828 BLACKFOOT WAY,ANTELOPE
4108 NORTON WAY,SACRAMENTO
1469 JANRICK AVE,SACRAMENTO
9861 CULP WAY,SACRAMENTO
7825 CREEK VALLEY CIR,SACRAMENTO
5201 LAGUNA OAKS DR Unit 140,ELK GROVE
6768 MEDORA DR,NORTH HIGHLANDS
3100 EXPLORER DR,SACRAMENTO
7944 DOMINION WAY,ELVERTA
5201 LAGUNA OAKS DR Unit 162,ELK GROVE
3920 SHINING STAR DR,SACRAMENTO
5031 CORVAIR ST,NORTH HIGHLANDS
7661 NIXOS WAY,SACRAMENTO
7044 CARTHY WAY,SACRAMENTO
2442 LARKSPUR LN,SACRAMENTO
4800 WESTLAKE PKWY Unit 2109,SACRAMENTO
2178 63RD AVE,SACRAMENTO
8718 ELK WAY,ELK GROVE
5708 RIDGEPOINT DR,ANTELOPE
7315 KOALA CT,NORTH HIGHLANDS
2622 ERIN DR,SACRAMENTO
8421 SUNBLAZE WAY,SACRAMENTO
7420 ALIX PKWY,SACRAMENTO
3820 NATOMA WAY,SACRAMENTO
4431 GREEN TREE DR,SACRAMENTO
9417 SARA ST,ELK GROVE
8299 HALBRITE WAY,SACRAMENTO
7223 KALLIE KAY LN,SACRAMENTO
8156 STEINBECK WAY,SACRAMENTO
7957 VALLEY GREEN DR,SACRAMENTO
1122 WILD POPPY CT,GALT
4520 BOMARK WAY,SACRAMENTO
9012 KIEFER BLVD,SACRAMENTO
5332 SANDSTONE ST,CARMICHAEL
5993 SAWYER CIR,SACRAMENTO
4844 CLYDEBANK WAY,ANTELOPE
306 CAMELLIA WAY,GALT
9021 MADISON AVE,ORANGEVALE
404 6TH ST,GALT
8317 SUNNY CREEK WAY,SACRAMENTO
2617 BASS CT,SACRAMENTO
7005 TIANT WAY,ELK GROVE
7895 CABER WAY,ANTELOPE
7624 BOGEY CT,SACRAMENTO
6930 HAMPTON COVE WAY,SACRAMENTO
8708 MESA BROOK WAY,ELK GROVE
120 GRANT LN,FOLSOM
5907 ELLERSLEE DR,CARMICHAEL
17 SERASPI CT,SACRAMENTO
170 PENHOW CIR,SACRAMENTO
8345 STAR THISTLE WAY,SACRAMENTO
9080 FRESCA WAY,ELK GROVE
391 NATALINO CIR,SACRAMENTO
8373 BLACKMAN WAY,ELK GROVE
9837 CORTE DORADO CT,ELK GROVE
5037 J PKWY,SACRAMENTO
10245 LOS PALOS DR,RANCHO CORDOVA
6613 NAVION DR,CITRUS HEIGHTS
2887 AZEVEDO DR,SACRAMENTO
9186 KINBRACE CT,SACRAMENTO
4243 MIDDLEBURY WAY,MATHER
1028 FALLON PLACE CT,RIO LINDA
4804 NORIKER DR,ELK GROVE
7713 HARVEST WOODS DR,SACRAMENTO
2866 KARITSA AVE,SACRAMENTO
6913 RICHEVE WAY,SACRAMENTO
8636 TEGEA WAY,ELK GROVE
5448 MAIDSTONE WAY,CITRUS HEIGHTS
18 OLLIE CT,ELK GROVE
4010 ALEX LN,CARMICHAEL
4901 MILLNER WAY,ELK GROVE
4818 BRITTNEY LEE CT,SACRAMENTO
5529 LAGUNA PARK DR,ELK GROVE
230 CANDELA CIR,SACRAMENTO
4900 71ST ST,SACRAMENTO
12209 CONSERVANCY WAY,RANCHO CORDOVA
4236 NATOMAS CENTRAL DR,SACRAMENTO
5615 LUPIN LN,POLLOCK PINES
5625 JAMES WAY,SACRAMENTO
7842 LAHONTAN CT,SACRAMENTO
6850 21ST ST,SACRAMENTO
2900 BLAIR RD,POLLOCK PINES
2064 EXPEDITION WAY,SACRAMENTO
2912 NORCADE CIR,SACRAMENTO
9507 SEA CLIFF WAY,ELK GROVE
8882 AUTUMN GOLD CT,ELK GROVE
5322 WHITE LOTUS WAY,ELK GROVE
1838 CASTRO WAY,SACRAMENTO
10158 CRAWFORD WAY,SACRAMENTO
7731 MASTERS ST,ELK GROVE
4925 PERCHERON DR,ELK GROVE
2010 PROMONTORY POINT LN,GOLD RIVER
4727 SAVOIE WAY,SACRAMENTO
8664 MAGNOLIA HILL WAY,ELK GROVE
9570 HARVEST ROSE WAY,SACRAMENTO
4359 CREGAN CT,RANCHO CORDOVA
5337 DUSTY ROSE WAY,RANCHO CORDOVA
8929 SUTTERS GOLD DR,SACRAMENTO
8025 PEERLESS AVE,ORANGEVALE
4620 WELERA WAY,ELK GROVE
9723 TERRAPIN CT,ELK GROVE
2115 SMOKESTACK WAY,SACRAMENTO
100 REBECCA WAY,FOLSOM
9488 OAK VILLAGE WAY,ELK GROVE
8495 DARTFORD DR,SACRAMENTO
6708 PONTA DO SOL WAY,ELK GROVE
4143 SEA MEADOW WAY,SACRAMENTO
3020 RICHARDSON CIR,EL DORADO HILLS
8082 LINDA ISLE LN,SACRAMENTO
15300 MURIETA SOUTH PKWY,RANCHO MURIETA
11215 SHARRMONT CT,WILTON
7105 DANBERG WAY,ELK GROVE
5579 JERRY LITELL WAY,SACRAMENTO
1050 FOXHALL WAY,SACRAMENTO
7837 ABBINGTON WAY,ANTELOPE
1300 F ST,SACRAMENTO
6801 RAWLEY WAY,ELK GROVE
1693 SHELTER COVE DR,GREENWOOD
9361 WADDELL LN,ELK GROVE
10 SEA FOAM CT,SACRAMENTO
6945 RIO TEJO WAY,ELK GROVE
4186 TULIP PARK WAY,RANCHO CORDOVA
9278 DAIRY CT,ELK GROVE
207 ORANGE BLOSSOM CIR Unit C,FOLSOM
6507 RIO DE ONAR WAY,ELK GROVE
7004 RAWLEY WAY,ELK GROVE
6503 RIO DE ONAR WAY,ELK GROVE
2217 APPALOOSA CT,FOLSOM
868 HILDEBRAND CIR,FOLSOM
6030 PALERMO WAY,EL DORADO HILLS
4070 REDONDO DR,EL DORADO HILLS
4004 CRESTA WAY,SACRAMENTO
315 JUMEL CT,EL DORADO HILLS
6272 LONGFORD DR Unit 1,CITRUS HEIGHTS
3432 Y ST,SACRAMENTO
9512 EMERALD PARK DR Unit 3,ELK GROVE
3132 CLAY ST,SACRAMENTO
5221 38TH AVE,SACRAMENTO
6112 HERMOSA ST,SACRAMENTO
483 ARCADE BLVD,SACRAMENTO
671 SONOMA AVE,SACRAMENTO
5980 79TH ST,SACRAMENTO
7607 ELDER CREEK RD,SACRAMENTO
5028 14TH AVE,SACRAMENTO
14788 NATCHEZ CT,RANCHO MURIETA
1069 ACACIA AVE,SACRAMENTO
5201 LAGUNA OAKS DR Unit 199,ELK GROVE
3847 LAS PASAS WAY,SACRAMENTO
5201 LAGUNA OAKS DR Unit 172,ELK GROVE
1121 CREEKSIDE WAY,GALT
5307 CABRILLO WAY,SACRAMENTO
3725 DON JULIO BLVD,NORTH HIGHLANDS
4803 MCCLOUD DR,SACRAMENTO
10542 SILVERWOOD WAY,RANCHO CORDOVA
6318 39TH AVE,SACRAMENTO
211 MCDANIEL CIR,SACRAMENTO
3800 LYNHURST WAY,NORTH HIGHLANDS
6139 HERMOSA ST,SACRAMENTO
2505 RHINE WAY,ELVERTA
3692 PAYNE WAY,NORTH HIGHLANDS
604 MORRISON AVE,SACRAMENTO
648 SANTA ANA AVE,SACRAMENTO
14 ASHLEY OAKS CT,SACRAMENTO
3174 NORTHVIEW DR,SACRAMENTO
840 TRANQUIL LN,GALT
5333 PRIMROSE DR Unit 19A,FAIR OAKS
1035 MILLET WAY,SACRAMENTO
5201 LAGUNA OAKS DR Unit 126,ELK GROVE
3328 22ND AVE,SACRAMENTO
8001 HARTWICK WAY,SACRAMENTO
7812 HARTWICK WAY,SACRAMENTO
4207 PAINTER WAY,NORTH HIGHLANDS
7458 WINKLEY WAY,SACRAMENTO
8354 SUNRISE WOODS WAY,SACRAMENTO
8116 COTTONMILL CIR,SACRAMENTO
4660 CEDARWOOD WAY,SACRAMENTO
9254 HARROGATE WAY,ELK GROVE
6716 TAREYTON WAY,CITRUS HEIGHTS
2028 ROBERT WAY,SACRAMENTO
9346 AIZENBERG CIR,ELK GROVE
4524 LOCH HAVEN WAY,SACRAMENTO
7140 BLUE SPRINGS WAY,CITRUS HEIGHTS
4631 11TH AVE,SACRAMENTO
3228 BAGGAN CT,ANTELOPE
8515 DARTFORD DR,SACRAMENTO
4500 TIPPWOOD WAY,SACRAMENTO
2460 EL ROCCO WAY,RANCHO CORDOVA
8244 SUNBIRD WAY,SACRAMENTO
5841 VALLEY VALE WAY,SACRAMENTO
7863 CRESTLEIGH CT,ANTELOPE
7129 SPRINGMONT DR,ELK GROVE
8284 RED FOX WAY,ELK GROVE
2219 EL CANTO CIR,RANCHO CORDOVA
8907 GEMWOOD WAY,ELK GROVE
5925 MALEVILLE AVE,CARMICHAEL
7031 CANEVALLEY CIR,CITRUS HEIGHTS
3949 WILDROSE WAY,SACRAMENTO
4437 MITCHUM CT,ANTELOPE
2778 KAWEAH CT,CAMERON PARK
1636 ALLENWOOD CIR,LINCOLN
8151 QUAIL RIDGE CT,SACRAMENTO
4899 WIND CREEK DR,SACRAMENTO
2370 BIG CANYON CREEK RD,PLACERVILLE
6049 HAMBURG WAY,SACRAMENTO
4232 71ST ST,SACRAMENTO
3361 BOW MAR CT,CAMERON PARK
1889 COLD SPRINGS RD,PLACERVILLE
5805 HIMALAYA WAY,CITRUS HEIGHTS
7944 SYLVAN OAK WAY,CITRUS HEIGHTS
3139 SPOONWOOD WAY Unit 1,SACRAMENTO
6217 LEOLA WAY,SACRAMENTO
2340 HURLEY WAY,SACRAMENTO
3035 BRUNNET LN,SACRAMENTO
3025 EL PRADO WAY,SACRAMENTO
9387 GRANITE FALLS CT,ELK GROVE
9257 CALDERA WAY,SACRAMENTO
441 ARLINGDALE CIR,RIO LINDA
2284 LOS ROBLES RD,MEADOW VISTA
8164 CHENIN BLANC LN,FAIR OAKS
4620 CHAMBERLIN CIR,ELK GROVE
5340 BIRK WAY,SACRAMENTO
51 ANJOU CIR,SACRAMENTO
2125 22ND AVE,SACRAMENTO
611 BLOSSOM ROCK LN,FOLSOM
8830 ADUR RD,ELK GROVE
7344 BUTTERBALL WAY,SACRAMENTO
8219 GWINHURST CIR,SACRAMENTO
3240 S ST,SACRAMENTO
221 PICASSO CIR,SACRAMENTO
5706 GREENACRES WAY,ORANGEVALE
6900 LONICERA DR,ORANGEVALE
419 DAWNRIDGE RD,ROSEVILLE
5312 MARBURY WAY,ANTELOPE
6344 BONHAM CIR,CITRUS HEIGHTS
8207 YORKTON WAY,SACRAMENTO
7922 MANSELL WAY,ELK GROVE
5712 MELBURY CIR,ANTELOPE
632 NEWBRIDGE LN,LINCOLN
1570 GLIDDEN AVE,SACRAMENTO
8108 FILIFERA WAY,ANTELOPE
230 BANKSIDE WAY,SACRAMENTO
5342 CALABRIA WAY,SACRAMENTO
47 NAPONEE CT,SACRAMENTO
4236 ADRIATIC SEA WAY,SACRAMENTO
8864 REMBRANT CT,ELK GROVE
9455 SEA CLIFF WAY,ELK GROVE
9720 LITTLE HARBOR WAY,ELK GROVE
8806 PHOENIX AVE,FAIR OAKS
3578 LOGGERHEAD WAY,SACRAMENTO
1416 LOCKHART WAY,ROSEVILLE
5413 BUENA VENTURA WAY,FAIR OAKS
37 WHITE BIRCH CT,ROSEVILLE
405 MARLIN SPIKE WAY,SACRAMENTO
1102 CHESLEY LN,LINCOLN
11281 STANFORD COURT LN Unit 604,GOLD RIVER
7320 6TH ST,RIO LINDA
993 MANTON CT,GALT
4487 PANORAMA DR,PLACERVILLE
5651 OVERLEAF WAY,SACRAMENTO
2015 PROMONTORY POINT LN,GOLD RIVER
3224 PARKHAM DR,ROSEVILLE
15 VANESSA PL,SACRAMENTO
1312 RENISON LN,LINCOLN
8 RIVER RAFT CT,SACRAMENTO
2251 LAMPLIGHT LN,LINCOLN
106 FARHAM DR,FOLSOM
5405 NECTAR CIR,ELK GROVE
5411 10TH AVE,SACRAMENTO
3512 RAINSONG CIR,RANCHO CORDOVA
1106 55TH ST,SACRAMENTO
411 ILLSLEY WAY,FOLSOM
796 BUTTERCUP CIR,GALT
1230 SANDRA CIR,PLACERVILLE
318 ANACAPA DR,ROSEVILLE
3975 SHINING STAR DR,SACRAMENTO
1620 BASLER ST,SACRAMENTO
9688 NATURE TRAIL WAY,ELK GROVE
5924 TANUS CIR,ROCKLIN
9629 CEDAR OAK WAY,ELK GROVE
3429 FERNBROOK CT,CAMERON PARK
2121 HANNAH WAY,ROCKLIN
10104 ANNIE ST,ELK GROVE
1092 MAUGHAM CT,GALT
5404 ALMOND FALLS WAY,RANCHO CORDOVA
6306 CONEJO,RANCHO MURIETA
14 CASA VATONI PL,SACRAMENTO
1456 EAGLESFIELD LN,LINCOLN
4100 BOTHWELL CIR,EL DORADO HILLS
427 21ST ST,SACRAMENTO
1044 GALSTON DR,FOLSOM
4440 SYCAMORE AVE,SACRAMENTO
1032 SOUZA DR,EL DORADO HILLS
9760 LAZULITE CT,ELK GROVE
241 LANFRANCO CIR,SACRAMENTO
5559 NORTHBOROUGH DR,SACRAMENTO
2125 BIG SKY DR,ROCKLIN
2109 HAMLET PL,CARMICHAEL
9970 STATE HIGHWAY 193,PLACERVILLE
2901 PINTAIL WAY,ELK GROVE
201 FIRESTONE DR,ROSEVILLE
1740 HIGH ST,AUBURN
2733 DANA LOOP,EL DORADO HILLS
9741 SADDLEBRED CT,WILTON
7756 TIGERWOODS DR,SACRAMENTO
5709 RIVER OAK WAY,CARMICHAEL
2981 WRINGER DR,ROSEVILLE
8616 ROCKPORTE CT,ROSEVILLE
4128 HILL ST,FAIR OAKS
1409 47TH ST,SACRAMENTO
3935 EL MONTE DR,LOOMIS
5840 WALERGA RD,SACRAMENTO
923 FULTON AVE,SACRAMENTO
261 REDONDO AVE,SACRAMENTO
4030 BROADWAY,SACRAMENTO
3660 22ND AVE,SACRAMENTO
3924 HIGH ST,SACRAMENTO
4734 14TH AVE,SACRAMENTO
4734 14TH AVE,SACRAMENTO
5050 RHODE ISLAND DR Unit 4,SACRAMENTO
4513 GREENHOLME DR,SACRAMENTO
3845 ELM ST,SACRAMENTO
3908 17TH AVE,SACRAMENTO
7109 CHANDLER DR,SACRAMENTO
7541 SKELTON WAY,SACRAMENTO
9058 MONTOYA ST,SACRAMENTO
1016 CONGRESS AVE,SACRAMENTO
540 MORRISON AVE,SACRAMENTO
5303 JERRETT WAY,SACRAMENTO
2820 DEL PASO BLVD,SACRAMENTO
3715 TALLYHO DR Unit 78HIGH,SACRAMENTO
6013 ROWAN WAY,CITRUS HEIGHTS
2987 PONDEROSA LN,SACRAMENTO
3732 LANKERSHIM WAY,NORTH HIGHLANDS
2216 DUNLAP DR,SACRAMENTO
3503 21ST AVE,SACRAMENTO
523 EXCHANGE ST,SACRAMENTO
8101 PORT ROYALE WAY,SACRAMENTO
8020 WALERGA RD,ANTELOPE
167 VALLEY OAK DR,ROSEVILLE
7876 BURLINGTON WAY,SACRAMENTO
3726 JONKO AVE,NORTH HIGHLANDS
7342 GIGI PL,SACRAMENTO
2610 PHYLLIS AVE,SACRAMENTO
4200 COMMERCE WAY Unit 711,SACRAMENTO
4621 COUNTRY SCENE WAY,SACRAMENTO
5380 VILLAGE WOOD DR,SACRAMENTO
2621 EVERGREEN ST,SACRAMENTO
201 CARLO CT,GALT
6743 21ST ST,SACRAMENTO
3128 VIA GRANDE,SACRAMENTO
2847 BELGRADE WAY,SACRAMENTO
7741 MILLDALE CIR,ELVERTA
9013 CASALS ST,SACRAMENTO
227 MAHAN CT Unit 1,ROSEVILLE
7349 FLETCHER FARM DR,SACRAMENTO
7226 LARCHMONT DR,NORTH HIGHLANDS
4114 35TH AVE,SACRAMENTO
617 M ST,RIO LINDA
7032 FAIR OAKS BLVD,CARMICHAEL
2421 SANTINA WAY,ELVERTA
2368 CRAIG AVE,SACRAMENTO
2123 AMANDA WAY,SACRAMENTO
7620 DARLA WAY,SACRAMENTO
8344 FIELDPOPPY CIR,SACRAMENTO
3624 20TH AVE,SACRAMENTO
10001 WOODCREEK OAKS BLVD Unit 1415,ROSEVILLE
2848 PROVO WAY,SACRAMENTO
6045 EHRHARDT AVE,SACRAMENTO
1223 LAMBERTON CIR,SACRAMENTO
1223 LAMBERTON CIR,SACRAMENTO
6000 BIRCHGLADE WAY,CITRUS HEIGHTS
7204 THOMAS DR,NORTH HIGHLANDS
8363 LANGTREE WAY,SACRAMENTO
1675 VERNON ST Unit 8,ROSEVILLE
6632 IBEX WOODS CT,CITRUS HEIGHTS
117 EVCAR WAY,RIO LINDA
6485 LAGUNA MIRAGE LN,ELK GROVE
746 MOOSE CREEK WAY,GALT
8306 CURLEW CT,CITRUS HEIGHTS
8306 CURLEW CT,CITRUS HEIGHTS
5217 ARGO WAY,SACRAMENTO
7108 HEATHER TREE DR,SACRAMENTO
2956 DAVENPORT WAY,SACRAMENTO
10062 LINCOLN VILLAGE DR,SACRAMENTO
332 PALIN AVE,GALT
4649 FREEWAY CIR,SACRAMENTO
8593 DERLIN WAY,SACRAMENTO
9273 PREMIER WAY,SACRAMENTO
8032 DUSENBERG CT,SACRAMENTO
7110 STELLA LN Unit 15,CARMICHAEL
1786 PIEDMONT WAY,ROSEVILLE
1347 HIDALGO CIR,ROSEVILLE
212 CAPPUCINO WAY,SACRAMENTO
5938 WOODBRIAR WAY,CITRUS HEIGHTS
3801 WILDROSE WAY,SACRAMENTO
508 SAMUEL WAY,SACRAMENTO
6128 CARL SANDBURG CIR,SACRAMENTO
1 KENNELFORD CIR,SACRAMENTO
909 SINGINGWOOD RD,SACRAMENTO
6671 FOXWOOD CT,SACRAMENTO
8165 AYN RAND CT,SACRAMENTO
9474 VILLAGE TREE DR,ELK GROVE
7213 CALVIN DR,CITRUS HEIGHTS
8167 DERBY PARK CT,SACRAMENTO
6344 LAGUNA MIRAGE LN,ELK GROVE
2945 RED HAWK WAY,SACRAMENTO
3228 I ST,SACRAMENTO
308 ATKINSON ST,ROSEVILLE
624 HOVEY WAY,ROSEVILLE
110 COPPER LEAF WAY,SACRAMENTO
7535 ALMA VISTA WAY,SACRAMENTO
7423 WILSALL CT,ELK GROVE
8629 VIA ALTA WAY,ELK GROVE
3318 DAVIDSON DR,ANTELOPE
913 COBDEN CT,GALT
4419 79TH ST,SACRAMENTO
3012 SPOONWOOD WAY,SACRAMENTO
8728 CRYSTAL RIVER WAY,SACRAMENTO
4709 AMBER LN Unit 1,SACRAMENTO
4508 OLD DAIRY DR,ANTELOPE
312 RIVER ISLE WAY,SACRAMENTO
301 OLIVADI WAY,SACRAMENTO
5636 25TH ST,SACRAMENTO
8721 SPRUCE RIDGE WAY,ANTELOPE
7461 WINDBRIDGE DR,SACRAMENTO
8101 LEMON COVE CT,SACRAMENTO
10949 SCOTSMAN WAY,RANCHO CORDOVA
617 WILLOW CREEK DR,FOLSOM
3301 PARK DR Unit 1914,SACRAMENTO
709 CIMMARON CT,GALT
3305 RIO ROCA CT,ANTELOPE
9080 BEDROCK CT,SACRAMENTO
100 TOURMALINE CIR,SACRAMENTO
6411 RED BIRCH WAY,ELK GROVE
4867 LAGUNA DR,SACRAMENTO
3662 RIVER DR,SACRAMENTO
6943 WOLFGRAM WAY,SACRAMENTO
77 RINETTI WAY,RIO LINDA
1316 I ST,RIO LINDA
2130 CATHERWOOD WAY,SACRAMENTO
8304 JUGLANS DR,ORANGEVALE
5308 MARBURY WAY,ANTELOPE
9182 LAKEMONT DR,ELK GROVE
2231 COUNTRY VILLA CT,AUBURN
8491 CRYSTAL WALK CIR,ELK GROVE
361 MAHONIA CIR,SACRAMENTO
3427 LA CADENA WAY,SACRAMENTO
955 BIG SUR CT,EL DORADO HILLS
11826 DIONYSUS WAY,RANCHO CORDOVA
5847 DEL CAMPO LN,CARMICHAEL
5635 FOXVIEW WAY,ELK GROVE
10372 VIA CINTA CT,ELK GROVE
6286 LONETREE BLVD,ROCKLIN
7744 SOUTHBREEZE DR,SACRAMENTO
2242 ABLE WAY,SACRAMENTO
1042 STARBROOK DR,GALT
1219 G ST,SACRAMENTO
6220 OPUS CT,CITRUS HEIGHTS
5419 HAVENHURST CIR,ROCKLIN
220 OLD AIRPORT RD,AUBURN
4622 MEYER WAY,CARMICHAEL
4885 SUMMIT VIEW DR,EL DORADO
26 JEANROSS CT,SACRAMENTO
4800 MAPLEPLAIN AVE,ELK GROVE
10629 BASIE WAY,RANCHO CORDOVA
8612 WILLOW GROVE WAY,SACRAMENTO
62 DE FER CIR,SACRAMENTO
2513 OLD KENMARE RD,LINCOLN
3253 ABOTO WAY,RANCHO CORDOVA
3072 VILLAGE PLAZA DR,ROSEVILLE
251 CHANGO CIR,SACRAMENTO
8205 WEYBURN CT,SACRAMENTO
8788 LA MARGARITA WAY,SACRAMENTO
5912 DEEPDALE WAY,ELK GROVE
4712 PISMO BEACH DR,ANTELOPE
4741 PACIFIC PARK DR,ANTELOPE
310 GROTH CIR,SACRAMENTO
6121 WILD FOX CT,ELK GROVE
12241 CANYONLANDS DR,RANCHO CORDOVA
29 COOL FOUNTAIN CT,SACRAMENTO
907 RIO ROBLES AVE,SACRAMENTO
8909 BILLFISH WAY,SACRAMENTO
6232 GUS WAY,ELK GROVE
200 OAKWILDE ST,GALT
1033 PARK STREAM DR,GALT
200 ALLAIRE CIR,SACRAMENTO
1322 SUTTER WALK,SACRAMENTO
5479 NICKMAN WAY,SACRAMENTO
2103 BURBERRY WAY,SACRAMENTO
2450 SAN JOSE WAY,SACRAMENTO
7641 ROSEHALL DR,ROSEVILLE
1336 LAYSAN TEAL DR,ROSEVILLE
2802 BLACK OAK DR,ROCKLIN
2113 FALL TRAIL CT,PLACERVILLE
10112 LAMBEAU CT,ELK GROVE
6313 CASTRO VERDE WAY,ELK GROVE
3622 CURTIS DR,SACRAMENTO
11817 OPAL RIDGE WAY,RANCHO CORDOVA
170 LAGOMARSINO WAY,SACRAMENTO
2743 DEAKIN PL,EL DORADO HILLS
3361 ALDER CANYON WAY,ANTELOPE
2148 RANCH VIEW DR,ROCKLIN
398 LINDLEY DR,SACRAMENTO
3013 BRIDLEWOOD DR,EL DORADO HILLS
169 BAURER CIR,FOLSOM
2809 LOON CT,CAMERON PARK
1315 KONDOS AVE,SACRAMENTO
4966 CHARTER RD,ROCKLIN
9516 LAGUNA LAKE WAY,ELK GROVE
5201 BLOSSOM RANCH DR,ELK GROVE
3027 PALMATE WAY,SACRAMENTO
500 WINCHESTER CT,ROSEVILLE
5746 GELSTON WAY,EL DORADO HILLS
6935 ELM TREE LN,ORANGEVALE
9605 GOLF COURSE LN,ELK GROVE
719 BAYWOOD CT,EL DORADO HILLS
5954 TANUS CIR,ROCKLIN
100 CHELSEA CT,FOLSOM
1500 ORANGE HILL LN,PENRYN
408 KIRKWOOD CT,LINCOLN
1732 TUSCAN GROVE CIR,ROSEVILLE
2049 EMPIRE MINE CIR,GOLD RIVER
9360 MAGOS RD,WILTON
104 CATLIN CT,FOLSOM
4734 GIBBONS DR,CARMICHAEL
4629 DORCHESTER LN,GRANITE BAY
2400 COUNTRYSIDE DR,PLACERVILLE
12901 FURLONG DR,WILTON
6222 CALLE MONTALVO CIR,GRANITE BAY
20 CRYSTALWOOD CIR,LINCOLN
24 CRYSTALWOOD CIR,LINCOLN
28 CRYSTALWOOD CIR,LINCOLN
32 CRYSTALWOOD CIR,LINCOLN
36 CRYSTALWOOD CIR,LINCOLN
40 CRYSTALWOOD CIR,LINCOLN
44 CRYSTALWOOD CIR,LINCOLN
48 CRYSTALWOOD CIR,LINCOLN
52 CRYSTALWOOD CIR,LINCOLN
68 CRYSTALWOOD CIR,LINCOLN
72 CRYSTALWOOD CIR,LINCOLN
76 CRYSTALWOOD CIR,LINCOLN
80 CRYSTALWOOD CIR,LINCOLN
84 CRYSTALWOOD CIR,LINCOLN
88 CRYSTALWOOD CIR,LINCOLN
92 CRYSTALWOOD CIR,LINCOLN
96 CRYSTALWOOD CIR,LINCOLN
100 CRYSTALWOOD CIR,LINCOLN
434 1ST ST,LINCOLN
3 E ST,LINCOLN
11 E ST,LINCOLN
19 E ST,LINCOLN
27 E ST,LINCOLN
35 E ST,LINCOLN
43 E ST,LINCOLN
51 E ST,LINCOLN
59 E ST,LINCOLN
75 E ST,LINCOLN
63 CRYSTALWOOD CIR,LINCOLN
398 1ST ST,LINCOLN
386 1ST ST,LINCOLN
374 1ST ST,LINCOLN
116 CRYSTALWOOD WAY,LINCOLN
108 CRYSTALWOOD WAY,LINCOLN
100 CRYSTALWOOD WAY,LINCOLN
55 CRYSTALWOOD CIR,LINCOLN
51 CRYSTALWOOD CIR,LINCOLN
47 CRYSTALWOOD CIR,LINCOLN
43 CRYSTALWOOD CIR,LINCOLN
39 CRYSTALWOOD CIR,LINCOLN
35 CRYSTALWOOD CIR,LINCOLN
31 CRYSTALWOOD CIR,LINCOLN
27 CRYSTALWOOD CIR,LINCOLN
23 CRYSTALWOOD CIR,LINCOLN
19 CRYSTALWOOD CIR,LINCOLN
15 CRYSTALWOOD CIR,LINCOLN
7 CRYSTALWOOD CIR,LINCOLN
7 CRYSTALWOOD CIR,LINCOLN
3 CRYSTALWOOD CIR,LINCOLN
8208 WOODYARD WAY,CITRUS HEIGHTS
113 RINETTI WAY,RIO LINDA
15 LOORZ CT,SACRAMENTO
5805 DOTMAR WAY,NORTH HIGHLANDS
2332 CAMBRIDGE ST,SACRAMENTO
3812 BELDEN ST,SACRAMENTO
3348 40TH ST,SACRAMENTO
127 QUASAR CIR,SACRAMENTO
3812 CYPRESS ST,SACRAMENTO
5821 64TH ST,SACRAMENTO
8248 CENTER PKWY,SACRAMENTO
1171 SONOMA AVE,SACRAMENTO
4250 ARDWELL WAY,SACRAMENTO
3104 CLAY ST,SACRAMENTO
6063 LAND PARK DR,SACRAMENTO
4738 OAKHOLLOW DR,SACRAMENTO
1401 STERLING ST,SACRAMENTO
3715 DIDCOT CIR,SACRAMENTO
2426 RASHAWN DR,RANCHO CORDOVA
4800 WESTLAKE PKWY Unit 410,SACRAMENTO
3409 VIRGO ST,SACRAMENTO
1110 PINEDALE AVE,SACRAMENTO
2361 LA LOMA DR,RANCHO CORDOVA
1455 64TH AVE,SACRAMENTO
7328 SPRINGMAN ST,SACRAMENTO
119 SAINT MARIE CIR,SACRAMENTO
12 COSTA BRASE CT,SACRAMENTO
6813 SCOTER WAY,SACRAMENTO
6548 GRAYLOCK LN,NORTH HIGHLANDS
1630 GLIDDEN AVE,SACRAMENTO
7825 DALEWOODS WAY,SACRAMENTO
4073 TRESLER AVE,NORTH HIGHLANDS
4288 DYMIC WAY,SACRAMENTO
1158 SAN IGNACIO WAY,SACRAMENTO
4904 J PKWY,SACRAMENTO
2931 HOWE AVE,SACRAMENTO
5531 JANSEN DR,SACRAMENTO
7836 ORCHARD WOODS CIR,SACRAMENTO
4055 DEERBROOK DR,SACRAMENTO
9937 BURLINE ST,SACRAMENTO
6948 MIRADOR WAY,SACRAMENTO
4909 RUGER CT,SACRAMENTO
7204 KERSTEN ST,CITRUS HEIGHTS
3150 ROSEMONT DR,SACRAMENTO
8200 STEINBECK WAY,SACRAMENTO
8198 STEVENSON AVE,SACRAMENTO
6824 OLIVE TREE WAY,CITRUS HEIGHTS
3536 SUN MAIDEN WAY,ANTELOPE
4517 OLYMPIAD WAY,SACRAMENTO
925 COBDEN CT,GALT
8225 SCOTTSDALE DR,SACRAMENTO
8758 LEMAS RD,SACRAMENTO
6121 ALPINESPRING WAY,ELK GROVE
5937 YORK GLEN WAY,SACRAMENTO
6417 SUNNYFIELD WAY,SACRAMENTO
4008 GREY LIVERY WAY,ANTELOPE
8920 ROSETTA CIR,SACRAMENTO
8300 LICHEN DR,CITRUS HEIGHTS
8884 AMBERJACK WAY,SACRAMENTO
4480 VALLEY HI DR,SACRAMENTO
2250 FOREBAY RD,POLLOCK PINES
3529 FABERGE WAY,SACRAMENTO
1792 DAWNELLE WAY,SACRAMENTO
7800 TABARE CT,CITRUS HEIGHTS
8531 HERMITAGE WAY,SACRAMENTO
2421 BERRYWOOD DR,RANCHO CORDOVA
1005 MORENO WAY,SACRAMENTO
1675 VERNON ST Unit 24,ROSEVILLE
24 WINDCHIME CT,SACRAMENTO
540 HARLING CT,RIO LINDA
1207 CRESCENDO DR,ROSEVILLE
7577 EDDYLEE WAY,SACRAMENTO
8369 FOPPIANO WAY,SACRAMENTO
8817 SAWTELLE WAY,SACRAMENTO
1910 BONAVISTA WAY,SACRAMENTO
8 TIDE CT,SACRAMENTO
8952 ROCKY CREEK CT,ELK GROVE
435 EXCHANGE ST,SACRAMENTO
10105 MONTE VALLO CT,SACRAMENTO
3930 ANNABELLE AVE,ROSEVILLE
4854 TANGERINE AVE,SACRAMENTO
2909 SHAWN WAY,RANCHO CORDOVA
4290 BLACKFORD WAY,SACRAMENTO
5890 TT TRAK,FORESTHILL
7015 WOODSIDE DR,SACRAMENTO
6019 CHESHIRE WAY,CITRUS HEIGHTS
3330 VILLAGE CT,CAMERON PARK
2561 VERNA WAY,SACRAMENTO
3522 22ND AVE,SACRAMENTO
2880 CANDIDO DR,SACRAMENTO
6908 PIN OAK CT,FAIR OAKS
5733 ANGELINA AVE,CARMICHAEL
7849 BONNY DOWNS WAY,ELK GROVE
8716 LONGSPUR WAY,ANTELOPE
6320 EL DORADO ST,EL DORADO
2328 DOROTHY JUNE WAY,SACRAMENTO
1986 DANVERS WAY,SACRAMENTO
7901 GAZELLE TRAIL WAY,ANTELOPE
6080 BRIDGECROSS DR,SACRAMENTO
20 GROTH CIR,SACRAMENTO
1900 DANBROOK DR,SACRAMENTO
140 VENTO CT,ROSEVILLE
8442 KEUSMAN ST,ELK GROVE
9552 SUNLIGHT LN,ELK GROVE
2733 YUMA CT,CAMERON PARK
1407 TIFFANY CIR,ROSEVILLE
636 CRESTVIEW DR,DIAMOND SPRINGS
1528 HESKET WAY,SACRAMENTO
2327 32ND ST,SACRAMENTO
1833 2ND AVE,SACRAMENTO
7252 CARRIAGE DR,CITRUS HEIGHTS
9815 PASO FINO WAY,ELK GROVE
5532 ENGLE RD,CARMICHAEL
1139 CLINTON RD,SACRAMENTO
9176 SAGE GLEN WAY,ELK GROVE
9967 HATHERTON WAY,ELK GROVE
9264 BOULDER RIVER WAY,ELK GROVE
320 GROTH CIR,SACRAMENTO
137 GUNNISON AVE,SACRAMENTO
8209 RIVALLO WAY,SACRAMENTO
8637 PERIWINKLE CIR,ELK GROVE
3425 MEADOW WAY,ROCKLIN
107 JARVIS CIR,SACRAMENTO
2319 THORES ST,RANCHO CORDOVA
8935 MOUNTAIN HOME CT,ELK GROVE
2566 SERENATA WAY,SACRAMENTO
4085 COUNTRY DR,ANTELOPE
9297 TROUT WAY,ELK GROVE
7 ARCHIBALD CT,SACRAMENTO
11130 EEL RIVER CT,RANCHO CORDOVA
8323 REDBANK WAY,SACRAMENTO
16 BRONCO CREEK CT,SACRAMENTO
8316 NORTHAM DR,ANTELOPE
4240 WINJE DR,ANTELOPE
3569 SODA WAY,SACRAMENTO
5118 ROBANDER ST,CARMICHAEL
5976 KYLENCH CT,CITRUS HEIGHTS
9247 DELAIR WAY,ELK GROVE
9054 DESCENDANT DR,ELK GROVE
3450 WHITNOR CT,SACRAMENTO
6288 LONETREE BLVD,ROCKLIN
9355 MATADOR WAY,SACRAMENTO
8671 SUMMER SUN WAY,ELK GROVE
1890 GENEVA PL,SACRAMENTO
1813 AVENIDA MARTINA,ROSEVILLE
191 BARNHART CIR,SACRAMENTO
6221 GREEN TOP WAY,ORANGEVALE
2298 PRIMROSE LN,LINCOLN
5635 LOS PUEBLOS WAY,SACRAMENTO
10165 LOFTON WAY,ELK GROVE
1251 GREEN RAVINE DR,LINCOLN
6001 SHOO FLY RD,PLACERVILLE
3040 PARKHAM DR,ROSEVILLE
2674 TAM O SHANTER DR,EL DORADO HILLS
6007 MARYBELLE LN,SHINGLE SPRINGS
9949 NESTLING CIR,ELK GROVE
2915 HOLDREGE WAY,SACRAMENTO
2678 BRIARTON DR,LINCOLN
294 SPARROW DR,GALT
2987 DIORITE WAY,SACRAMENTO
6326 APPIAN WAY,CARMICHAEL
6905 COBALT WAY,CITRUS HEIGHTS
8986 HAFLINGER WAY,ELK GROVE
2916 BABSON DR,ELK GROVE
10133 NEBBIOLO CT,ELK GROVE
1103 COMMONS DR,SACRAMENTO
4636 TEAL BAY CT,ANTELOPE
1524 YOUNGS AVE,SACRAMENTO
865 CONRAD CT,PLACERVILLE
8463 TERRACOTTA CT,ELK GROVE
5747 KING RD,LOOMIS
8253 KEEGAN WAY,ELK GROVE
9204 TROUT WAY,ELK GROVE
1828 2ND AVE,SACRAMENTO
1113 COMMONS DR,SACRAMENTO
2341 BIG STRIKE TRL,COOL
9452 RED SPRUCE WAY,ELK GROVE
5776 TERRACE DR,ROCKLIN
5908 MCLEAN DR,ELK GROVE
8215 PEREGRINE WAY,CITRUS HEIGHTS
1104 HILLSDALE LN,LINCOLN
2949 PANAMA AVE,CARMICHAEL
1356 HARTLEY WAY,FOLSOM
633 HANISCH DR,ROSEVILLE
63 ANGEL ISLAND CIR,SACRAMENTO
1571 WILD OAK LN,LINCOLN
5222 COPPER SUNSET WAY,RANCHO CORDOVA
5601 SPINDRIFT LN,ORANGEVALE
652 FIFTEEN MILE DR,ROSEVILLE
7921 DOE TRAIL WAY,ANTELOPE
4204 LUSK DR,SACRAMENTO
5321 DELTA DR,ROCKLIN
5608 ROSEDALE WAY,SACRAMENTO
3372 BERETANIA WAY,SACRAMENTO
2422 STEFANIE DR,ROCKLIN
3232 PARKHAM DR,ROSEVILLE
448 ELMWOOD CT,ROSEVILLE
1214 DAWNWOOD DR,GALT
1440 EMERALD LN,LINCOLN
3349 CORVINA DR,RANCHO CORDOVA
10254 JULIANA WAY,SACRAMENTO
149 OPUS CIR,SACRAMENTO
580 REGENCY PARK CIR,SACRAMENTO
5544 CAMAS CT,ORANGEVALE
5102 ARCHCREST WAY,SACRAMENTO
5725 BALFOR RD,ROCKLIN
7697 ROSEHALL DR,ROSEVILLE
4821 HUTSON WAY,ELK GROVE
4509 WINJE DR,ANTELOPE
1965 LAURELHURST LN,LINCOLN
6709 ROSE BRIDGE DR,ROSEVILLE
281 SPYGLASS HL,ROSEVILLE
7709 RIVER VILLAGE DR,SACRAMENTO
4165 BRISBANE CIR,EL DORADO HILLS
506 BEDFORD CT,ROSEVILLE
9048 PINTO CANYON WAY,ROSEVILLE
2274 IVY BRIDGE DR,ROSEVILLE
14004 WALNUT AVE,WALNUT GROVE
6905 FRANKFORT CT,ELK GROVE
3621 WINTUN DR,CARMICHAEL
201 KIRKLAND CT,LINCOLN
12075 APPLESBURY CT,RANCHO CORDOVA
1975 SIDESADDLE WAY,ROSEVILLE
5420 ALMOND FALLS WAY,RANCHO CORDOVA
9677 PILLITERI CT,ELK GROVE
1515 EL CAMINO VERDE DR,LINCOLN
556 PLATT CIR,EL DORADO HILLS
1792 DIAMOND WOODS CIR,ROSEVILLE
1124 PERKINS WAY,SACRAMENTO
4748 SALEM WAY,CARMICHAEL
1484 RADCLIFFE WAY,AUBURN
51 AIKEN WAY,SACRAMENTO
2818 KNOLLWOOD DR,CAMERON PARK
1536 STONEY CROSS LN,LINCOLN
509 CASTILLIAN CT,ROSEVILLE
700 HUNTER PL,FOLSOM
1240 FAY CIR,SACRAMENTO
1113 SANDWICK WAY,FOLSOM
3108 DELWOOD WAY,SACRAMENTO
3212 CORNICHE LN,ROSEVILLE
2159 BECKETT DR,EL DORADO HILLS
4320 FOUR SEASONS RD,PLACERVILLE
